Artist,Total Views,100M,Avg
BTS,"27,947.9",63,7.370
Bad Bunny,"27,573.4",66,14.555
Justin Bieber,"27,399.7",37,3.986
Ed Sheeran,"26,894.0",39,4.609
Taylor Swift,"24,350.0",38,5.716
Shakira,"23,961.8",43,7.843
Katy Perry,"23,553.4",25,3.181
Ozuna,"22,524.8",49,4.933
Eminem,"20,937.7",38,5.841
Ariana Grande,"20,618.5",37,3.370
Daddy Yankee,"20,485.2",41,4.543
J Balvin,"20,436.9",34,3.188
Blackpink,"20,082.0",32,8.630
Maroon 5,"19,430.1",30,3.264
Rihanna,"18,683.8",33,3.907
Maluma,"18,479.8",30,3.112
The Weeknd,"17,668.9",30,8.517
Bruno Mars,"16,897.5",20,4.190
Marília Mendonça,"16,515.8",53,6.397
Enrique Iglesias,"16,395.2",29,2.655
David Guetta,"15,484.6",29,3.744
Nicky Jam,"14,982.5",29,1.668
Coldplay,"14,849.0",21,4.052
Beyoncé,"14,681.4",37,2.947
Calvin Harris,"14,270.5",22,2.090
Luis Fonsi,"14,242.4",12,1.574
Romeo Santos,"14,113.2",26,4.772
Marshmello,"14,020.7",29,2.723
Karol G,"13,981.8",26,6.590
Imagine Dragons,"13,444.2",18,4.884
Henrique e Juliano,"13,210.1",37,4.970
Chris Brown,"13,165.0",37,3.842
Lady Gaga,"13,156.0",28,4.272
Gusttavo Lima,"12,899.1",35,4.186
The Chainsmokers,"12,561.5",19,1.602
Guru Randhawa,"12,413.4",33,21.626
Alan Walker,"12,329.8",18,2.467
Adele,"12,329.6",17,2.600
Wiz Khalifa,"12,175.3",13,1.896
Anuel AA,"12,111.8",23,7.475
Pitbull,"11,989.9",21,2.083
One Direction,"11,904.4",18,1.776
Banda MS,"11,847.7",26,2.664
TWICE,"11,667.0",24,3.681
Michael Jackson,"11,662.2",23,3.422
Sia,"11,545.7",17,2.525
Post Malone,"11,345.7",18,3.207
Neha Kakkar,"11,283.5",20,2.445
Gummibär,"11,225.7",13,2.722
Selena Gomez,"11,062.8",29,3.544
Linkin Park,"11,044.5",25,2.681
Shawn Mendes,"10,923.6",16,2.006
Arijit Singh,"10,850.3",23,3.162
YoungBoy Never Broke Again,"10,593.7",26,4.873
Drake,"10,361.2",18,3.218
Billie Eilish,"10,290.2",22,3.039
twenty one pilots,"10,147.7",14,2.028
Zé Neto e Cristiano,"10,133.5",26,1.723
Los Ángeles Azules,"10,070.7",26,4.093
PSY,"9,970.6",10,2.215
Yo Yo Honey Singh,"9,522.4",32,3.364
Jennifer Lopez,"9,282.3",24,1.627
Becky G,"9,280.8",11,1.743
Dua Lipa,"9,258.1",16,2.838
The Black Eyed Peas,"9,223.4",19,2.495
Avicii,"9,135.6",17,1.549
Queen,"9,081.0",16,1.880
Sebastián Yatra,"9,012.3",19,2.762
Nicki Minaj,"9,000.9",26,2.023
Rauw Alejandro,"8,927.2",20,5.189
Major Lazer,"8,826.7",12,1.188
XXXTENTACION,"8,823.3",18,1.615
DJ Snake,"8,530.6",13,1.891
Charlie Puth,"8,393.3",10,1.949
Jorge & Mateus,"8,380.3",22,2.691
Sam Smith,"8,294.6",13,2.194
Future,"8,146.9",13,2.297
Farruko,"8,116.8",20,2.192
Jason Derulo,"8,105.5",22,1.046
BIGBANG,"8,046.3",21,1.040
50 Cent,"8,010.8",15,2.607
Skrillex,"7,946.0",16,0.889
Martin Garrix,"7,827.2",14,1.202
Badshah,"7,822.3",16,2.775
Miley Cyrus,"7,750.1",19,1.603
Wesley Safadão,"7,529.7",15,3.060
MattyB,"7,424.6",21,1.340
Reik,"7,315.1",20,2.485
Fifth Harmony,"7,313.4",8,1.008
Anitta,"7,278.0",22,1.717
Natti Natasha,"7,199.6",13,1.780
6ix9ine,"7,164.4",14,0.962
HA-ASH,"7,159.5",16,1.824
Meghan Trainor,"7,135.3",7,1.992
CantaJuego,"7,133.6",12,2.268
Paulo Londra,"7,086.4",15,2.373
Britney Spears,"7,029.7",25,1.468
Guns N' Roses,"7,020.6",8,1.785
Arcangel,"7,017.4",14,4.778
Crazy Frog,"6,960.4",12,3.981
Clean Bandit,"6,930.8",8,0.970
P!nk,"6,849.0",18,1.524
Chino & Nacho,"6,823.4",13,0.958
Little Mix,"6,732.3",17,0.997
Migos,"6,721.1",11,1.387
Matheus & Kauan,"6,714.9",16,1.970
Don Omar,"6,702.8",15,2.373
Christian Nodal,"6,622.5",17,3.274
CNCO,"6,618.3",14,0.657
Cardi B,"6,573.8",12,0.961
Mariah Carey,"6,559.4",16,1.818
AC/DC,"6,536.9",13,1.747
OneRepublic,"6,517.6",10,1.659
Demi Lovato,"6,432.4",13,0.615
Kevin Gates,"6,404.7",11,1.551
Ricky Martin,"6,390.7",10,0.900
Piso 21,"6,375.3",10,1.838
Maître Gims,"6,325.5",17,1.397
Juice WRLD,"6,317.2",13,2.535
Idina Menzel,"6,308.3",7,2.603
Boyce Avenue,"6,300.3",10,0.958
Prince Royce,"6,246.8",14,1.778
Ellie Goulding,"6,235.1",10,0.673
EXO,"6,215.5",16,0.964
DJ Khaled,"6,195.1",11,1.044
Justin Timberlake,"6,105.6",12,1.135
Thalia,"6,024.0",12,1.074
Travis Scott,"6,007.9",14,1.371
Sidhu Moose Wala,"5,992.2",18,5.752
Lil Baby,"5,916.0",18,3.232
Jass Manak,"5,887.3",15,1.511
Inna,"5,866.9",15,1.417
Cartel de Santa,"5,816.6",18,2.076
Patati Patatá,"5,791.6",13,2.335
Maiara & Maraisa,"5,785.9",12,1.957
Red Hot Chili Peppers,"5,764.1",12,1.587
Calibre 50,"5,736.5",15,2.263
Haschak Sisters,"5,670.8",16,0.503
Bon Jovi,"5,623.1",9,1.463
Myke Towers,"5,616.2",11,2.450
Mark Ronson,"5,591.5",3,1.216
Pentatonix,"5,583.6",13,0.552
Wisin,"5,578.5",12,0.955
Camila Cabello,"5,571.8",12,0.857
Nio García,"5,471.4",8,0.915
Avril Lavigne,"5,456.0",16,1.039
Metallica,"5,430.2",7,1.588
Juan Gabriel,"5,426.8",11,1.509
Lana Del Rey,"5,409.7",12,1.716
Hariharan,"5,345.6",8,4.076
Yasmin Verissimo,"5,341.8",15,2.464
Manuel Turizo,"5,332.8",10,2.929
Ricardo Arjona,"5,268.8",8,1.774
Kodak Black,"5,246.1",13,1.726
Lil Nas X,"5,200.8",10,1.315
MC Kevinho,"5,188.9",12,0.249
Marc Anthony,"5,173.6",13,1.497
Luan Santana,"5,164.4",14,1.812
Wisin & Yandel,"5,158.6",14,1.874
Sean Paul,"5,116.4",11,1.478
G-Eazy,"5,114.2",8,0.918
Akon,"5,107.6",9,1.823
Camilo,"5,094.4",14,1.379
Jessie J,"5,083.8",9,0.657
Madonna,"5,062.4",11,1.758
Lil Wayne,"5,050.1",8,1.139
Mohamed Ramadan,"5,007.8",8,0.840
Carlos Vives,"4,959.3",6,1.117
Tyga,"4,941.1",7,1.004
Whitney Houston,"4,918.7",10,1.894
Kygo,"4,910.1",11,1.003
Hillsong Worship,"4,831.7",10,2.158
Macklemore & Ryan Lewis,"4,823.8",8,0.624
Girls' Generation,"4,708.2",10,0.723
Aventura,"4,707.8",16,2.137
Jul,"4,703.4",4,1.751
Khalid,"4,662.6",10,0.885
LMFAO,"4,657.4",5,0.545
Jesse & Joy,"4,655.9",10,1.044
Plan B,"4,624.1",13,1.252
Maná,"4,607.0",14,1.432
Flo Rida,"4,604.6",10,0.826
Machine Gun Kelly,"4,552.1",10,1.214
Grupo Firme,"4,523.1",14,3.737
ZAYN,"4,503.5",5,0.863
Simone & Simaria,"4,482.7",9,0.859
Sech,"4,477.6",11,1.103
Doja Cat,"4,476.9",15,2.264
Rahat Fateh Ali Khan,"4,475.0",10,1.743
Adexe & Nau,"4,462.8",8,0.425
Usher,"4,458.7",13,1.214
Nirvana,"4,453.9",7,1.375
Lil Pump,"4,440.7",11,0.306
Jubin Nautiyal,"4,428.7",6,1.269
Saad Lamjarred,"4,331.2",10,0.966
Kanye West,"4,329.4",15,0.996
Pablo Alborán,"4,326.3",11,1.037
Silvestre Dangond,"4,290.6",7,0.949
Rosalía,"4,287.7",6,2.247
Kenshi Yonezu,"4,252.9",12,1.490
Stray Kids,"4,250.8",8,3.801
El Chombo,"4,197.4",1,1.391
Rammstein,"4,193.3",12,1.706
Illslick,"4,188.8",9,1.273
Backstreet Boys,"4,175.1",9,1.484
Meet Bros,"4,173.8",12,1.075
Elissa,"4,124.0",6,1.859
Kevin Roldan,"4,076.2",11,1.026
Pop Smoke,"4,065.6",8,1.665
Gorillaz,"4,064.4",10,1.143
Harry Styles,"4,049.7",9,2.265
Passenger,"4,033.4",1,0.622
Morat,"4,011.3",8,2.382
Dhanush,"4,002.0",5,1.679
Hussain Al Jassmi,"3,984.0",7,1.301
Zion & Lennox,"3,964.3",7,1.168
Rae Sremmurd,"3,933.3",9,0.364
Hungria Hip Hop,"3,866.4",13,1.544
Halsey,"3,864.1",8,0.908
NCT,"3,809.6",9,1.172
Monkan Kankoon,"3,792.6",10,1.792
Atif Aslam,"3,782.2",9,1.010
Panic! at the Disco,"3,777.9",6,0.484
Céline Dion,"3,749.3",10,1.564
21 Savage,"3,741.6",8,1.098
El Alfa,"3,740.9",7,1.620
Kendrick Lamar,"3,728.1",12,0.854
Iggy Azalea,"3,726.6",9,0.340
Alejandro Fernández,"3,719.5",6,1.118
TINI,"3,715.3",13,2.175
J.Fla,"3,701.8",6,0.350
La Adictiva Banda San José de Mesillas,"3,687.4",7,1.281
System of a Down,"3,680.4",8,1.070
Bryan Adams,"3,668.6",10,1.291
Slipknot,"3,656.3",10,1.056
Kurt Hugo Schneider,"3,635.2",4,0.222
Lil Uzi Vert,"3,634.5",8,1.267
Nour Al Zain,"3,625.1",8,0.594
Melendi,"3,609.1",4,1.148
Mon Laferte,"3,606.4",8,1.403
DaBaby,"3,592.0",7,0.759
Nickelback,"3,578.9",11,0.761
Carlos Rivera,"3,571.3",11,1.224
Nelly,"3,570.3",7,1.164
Chayanne,"3,555.5",11,0.882
Yandel,"3,544.3",7,1.447
Christina Aguilera,"3,523.3",10,0.767
Dalex,"3,521.8",8,1.137
Lil Durk,"3,520.8",3,1.983
Lindsey Stirling,"3,509.3",8,0.569
Cali y El Dandee,"3,504.6",7,0.716
Ariel Camacho y Los Plebes Del Rancho,"3,502.8",8,0.585
Jonas Blue,"3,495.9",7,0.630
Yuridia,"3,482.0",7,4.551
Santa Fe Klan,"3,459.6",6,2.638
Arctic Monkeys,"3,433.4",6,1.030
Bruno e Marrone,"3,431.9",5,1.091
Violetta,"3,428.5",4,0.263
Young Thug,"3,425.0",8,0.934
John Legend,"3,419.4",4,0.517
Bebe Rexha,"3,400.2",5,0.546
Banda Los Recoditos,"3,399.6",11,0.590
Tiësto,"3,393.0",8,1.323
Melanie Martinez,"3,386.7",11,0.723
Christina Perri,"3,366.4",3,0.553
MC Livinho,"3,359.5",10,0.263
Ludmilla,"3,322.0",8,2.135
Meek Mill,"3,301.2",6,0.794
Little Big,"3,288.3",8,1.179
Marco Antonio Solís,"3,277.0",12,1.148
Pulcino Pio,"3,270.1",6,0.467
C-Kan,"3,269.3",7,0.713
Danny Ocean,"3,264.3",5,0.915
Seventeen,"3,260.1",3,2.311
Jhay Cortez,"3,259.3",3,1.123
Pharrell Williams,"3,258.5",6,0.583
Evanescence,"3,257.0",6,0.836
GOT7,"3,241.3",8,0.290
Green Day,"3,219.4",7,0.776
Cosculluela,"3,189.6",5,0.946
Alejandro Sanz,"3,183.5",5,0.684
Emiway Bantai,"3,168.8",7,0.968
Pedro Capó,"3,161.3",2,0.609
Zedd,"3,160.8",10,0.464
Stromae,"3,151.2",6,0.999
Lil Peep,"3,142.8",8,0.916
LP,"3,122.7",6,1.184
Vishal Dadlani,"3,122.2",9,0.720
Alicia Keys,"3,101.6",6,0.739
Luis Miguel,"3,089.7",8,1.244
Gucci Mane,"3,047.3",3,0.692
Abba,"3,045.9",7,1.318
Khea,"3,010.0",10,0.572
Gerardo Ortiz,"2,993.7",9,0.564
Ciara,"2,980.9",10,0.604
James Arthur,"2,980.5",4,0.859
Naiara Azevedo,"2,973.6",8,0.373
Gustavo Mioto,"2,969.6",7,1.303
Tribo da Periferia,"2,968.8",6,1.096
Armin van Buuren,"2,967.4",4,0.677
Río Roma,"2,956.2",8,0.774
Harrdy Sandhu,"2,945.2",7,0.666
Brytiago,"2,945.0",7,0.658
Alex Rose,"2,917.0",6,1.058
Red Velvet,"2,916.9",12,0.585
Jay Chou,"2,915.2",4,0.773
Paramore,"2,911.0",10,0.592
Camila,"2,903.8",9,0.539
French Montana,"2,902.3",3,0.620
Soolking,"2,899.9",7,1.197
The Beatles,"2,893.8",9,0.956
Aviões do Forró,"2,882.5",6,0.767
Bryant Myers,"2,878.9",10,1.248
Bee Gees,"2,854.4",6,1.327
Ne-Yo,"2,842.2",10,0.729
La Oreja de Van Gogh,"2,833.9",5,1.126
Calle 13,"2,830.0",9,0.530
Mac Miller,"2,813.7",5,0.679
Gente De Zona,"2,800.3",4,0.489
Dr. Dre,"2,799.2",5,0.938
Udit Narayan,"2,798.2",8,0.746
La Arrolladora Banda El Limón De René Camacho,"2,784.5",7,0.808
Five Finger Death Punch,"2,784.1",9,0.821
Greeicy,"2,775.4",8,0.843
Kratai Phannipha,"2,770.2",6,0.373
Aerosmith,"2,761.6",5,0.872
Zoé,"2,756.3",6,0.806
MAGIC!,"2,746.5",2,0.416
Soprano,"2,736.2",10,0.430
Zara Larsson,"2,729.6",4,0.300
Modern Talking,"2,723.0",7,1.102
La Trakalosa de Monterrey,"2,721.1",7,0.424
Aya Nakamura,"2,715.2",5,0.805
Gabriela Rocha,"2,703.2",4,0.958
Childish Gambino,"2,699.8",6,0.693
Labanoon,"2,698.7",6,0.284
L'Algérino,"2,694.4",8,0.287
Dilsinho,"2,687.0",4,0.675
Feid,"2,669.1",8,6.684
The Cranberries,"2,667.0",5,0.860
Son Tung M-TP,"2,660.6",11,0.614
Dimitri Vegas & Like Mike,"2,637.1",3,0.286
T.I.,"2,632.1",6,0.433
Ankush Raja,"2,625.1",6,1.233
Fetty Wap,"2,615.4",7,0.327
The Lonely Island,"2,603.5",9,0.166
A$AP Rocky,"2,599.5",4,0.699
Daft Punk,"2,587.0",5,0.734
MCs Zaac & Jerry,"2,585.8",8,0.227
Amr Diab,"2,584.4",3,0.412
will.i.am,"2,582.0",6,0.295
Jesús Adrián Romero,"2,577.0",7,0.873
Fall Out Boy,"2,572.4",6,0.415
Zé Felipe,"2,553.0",8,2.395
Robin Schulz,"2,552.6",6,0.580
Oasis,"2,538.5",7,0.597
Franco De Vita,"2,537.4",8,0.644
5 Seconds of Summer,"2,537.0",5,0.378
YNW Melly,"2,534.2",5,0.608
Swedish House Mafia,"2,525.6",5,0.458
Luke Combs,"2,522.2",6,1.080
Westlife,"2,515.0",6,0.838
Anne-Marie,"2,514.7",6,0.928
Ferrugem,"2,511.5",6,0.793
Jon Z,"2,505.3",5,0.966
Gloria Trevi,"2,501.3",5,0.635
Mustafa Ceceli,"2,495.0",7,0.696
Mamamoo,"2,494.4",4,0.615
Turma do Pagode,"2,482.8",6,0.649
Ava Max,"2,479.7",5,1.306
David Bisbal,"2,450.6",6,0.470
R. Kelly,"2,449.0",6,0.109
Felipe Araújo,"2,433.9",6,0.584
Jay Wheeler,"2,433.5",4,1.331
Tarkan,"2,430.8",4,0.678
The Pussycat Dolls,"2,429.5",8,0.700
Dhvani Bhanushali,"2,403.5",2,0.568
Polo G,"2,402.3",5,0.866
Foo Fighters,"2,397.0",6,0.531
Calum Scott,"2,396.7",4,0.695
Lukas Graham,"2,395.4",4,0.444
Trey Songz,"2,390.5",4,0.331
Miyagi,"2,384.7",4,1.486
Mau y Ricky,"2,375.8",3,0.797
Kelly Clarkson,"2,374.7",4,0.452
Selena,"2,362.7",7,0.971
Koray Avcı,"2,353.9",7,0.250
Gera MX,"2,349.8",3,1.064
Carla Morrison,"2,333.7",5,0.901
George Michael,"2,330.8",5,1.041
Sean Kingston,"2,327.0",4,0.724
Muse,"2,326.4",6,0.462
Luke Bryan,"2,321.2",7,0.352
Leningrad,"2,309.3",6,0.328
Super Junior,"2,295.4",7,0.369
De La Ghetto,"2,271.5",3,0.473
YG,"2,265.6",6,0.357
Roddy Ricch,"2,262.9",6,0.659
Avenged Sevenfold,"2,262.8",7,0.556
Carly Rae Jepsen,"2,255.9",2,0.310
Elton John,"2,250.2",6,1.395
iKON,"2,247.1",3,0.324
Alka Yagnik,"2,241.6",6,0.701
J. Cole,"2,241.4",6,0.775
Snoop Dogg,"2,233.7",7,0.536
Rita Ora,"2,229.9",4,0.287
Disturbed,"2,216.7",3,0.639
Desiigner,"2,215.5",4,0.274
Tones and I,"2,212.6",1,0.478
Gotye,"2,205.0",1,0.596
Zé Vaqueiro,"2,203.1",7,0.993
a-ha,"2,202.9",1,0.746
Diego & Victor Hugo,"2,200.2",7,0.640
A Boogie wit da Hoodie,"2,191.1",3,0.666
Logic,"2,184.2",3,0.193
Juanes,"2,177.1",8,0.565
Projota,"2,175.8",5,0.269
Kendji Girac,"2,175.6",8,0.470
2NE1,"2,166.1",2,0.235
Piccolo Coro dell'Antoniano,"2,154.6",3,0.685
Lunay,"2,144.2",6,0.448
Lil Dicky,"2,138.0",4,0.263
Rod Stewart,"2,136.7",4,1.107
Rag'n'Bone Man,"2,131.8",2,0.683
U2,"2,130.8",5,0.708
Megan Thee Stallion,"2,129.4",8,0.605
Hassan Shakosh,"2,121.7",5,0.350
Tove Lo,"2,116.0",3,0.470
K-ICM,"2,115.8",5,0.152
MC Pedrinho,"2,114.4",7,0.210
Sorriso Maroto,"2,095.7",4,0.645
The Script,"2,091.4",5,0.356
Danna Paola,"2,090.3",4,0.581
Mike Posner,"2,080.0",2,0.331
Ke$ha,"2,078.3",6,0.239
Silentó,"2,059.3",1,0.128
MC Fioti,"2,058.8",1,0.218
Himesh Reshammiya,"2,052.2",3,1.310
Amy Winehouse,"2,049.1",4,0.684
MC Kekel,"2,048.2",6,0.101
ITZY,"2,035.1",7,1.013
Tory Lanez,"2,033.1",2,0.549
Shreya Ghoshal,"2,032.5",5,0.670
Michel Teló,"2,028.0",2,0.264
Kane Brown,"2,027.9",3,0.570
Capital Bra,"2,015.6",2,0.287
Tierry,"2,015.5",3,0.847
Zack Knight,"2,014.3",3,0.537
Andrea Bocelli,"2,013.5",4,0.688
Nelly Furtado,"2,011.5",4,0.658
Pabllo Vittar,"1,999.1",5,0.253
Andra,"1,998.5",4,0.198
MC Davo,"1,996.0",5,0.573
Olivia Rodrigo,"1,995.7",5,0.973
Joey Montana,"1,989.9",2,0.166
Lorde,"1,989.8",4,0.205
Eduardo Costa,"1,985.2",4,0.541
AKB48,"1,984.4",2,0.202
Skillet,"1,983.4",4,0.546
Indila,"1,982.0",4,0.877
Darshan Raval,"1,973.4",4,0.537
Lucas Lucco,"1,972.6",7,0.392
YOUNGOHM,"1,969.0",7,0.773
The Killers,"1,962.1",6,0.390
blink-182,"1,962.0",5,0.450
Big Sean,"1,959.9",5,0.159
Lartiste,"1,954.5",3,0.262
Cocktail,"1,947.4",7,0.378
JoJo Siwa,"1,941.6",4,0.212
Jason Mraz,"1,934.7",5,0.340
Jessi Uribe,"1,932.0",5,0.996
Kid Ink,"1,930.9",3,0.206
Cyndi Lauper,"1,930.7",3,0.536
Timati,"1,928.6",2,0.542
Hala Al Turk,"1,923.4",6,0.242
Laura Pausini,"1,922.2",2,0.408
Shania Twain,"1,919.2",6,0.689
Luciano Pereyra,"1,912.0",3,0.572
Michael Bublé,"1,909.6",5,0.325
Timbaland,"1,904.9",6,0.701
Fergie,"1,899.0",6,0.395
Juan Magan,"1,898.2",5,0.242
Mohamed Alsalim,"1,897.8",3,0.535
Banda El Recodo De Cruz Lizárraga,"1,895.6",5,0.380
Natalia Lafourcade,"1,893.9",5,0.793
Depeche Mode,"1,890.8",4,0.627
Balti,"1,890.4",3,0.652
Imran Khan,"1,888.6",4,0.891
Alvaro Soler,"1,886.6",4,0.312
Lewis Capaldi,"1,880.3",4,0.999
Sabyan,"1,878.8",6,0.147
Alemán,"1,875.1",3,1.049
Sin Bandera,"1,866.7",6,0.496
B Praak,"1,863.1",3,0.233
Remmy Valenzuela,"1,862.4",6,0.442
Ceca,"1,861.6",,0.352
MC Kevin,"1,853.6",4,0.625
OMI,"1,853.5",3,0.276
Florida Georgia Line,"1,852.1",5,0.206
Canserbero,"1,851.4",4,0.995
Hozier,"1,840.0",2,0.551
Lil Tjay,"1,835.7",3,0.723
Ricardo Montaner,"1,829.6",3,0.464
Radiohead,"1,828.1",2,0.791
Cristiano Araújo,"1,826.9",6,0.213
Galantis,"1,825.8",4,0.172
Niska,"1,825.0",4,0.432
Paula Fernandes,"1,822.8",3,0.443
Jason Aldean,"1,819.9",3,0.469
Palak Muchhal,"1,811.4",3,0.472
Chris Jeday,"1,803.9",3,0.691
Roxette,"1,801.6",3,0.516
Black M,"1,798.1",6,0.154
(G)I-DLE,"1,797.7",7,1.660
IU,"1,792.6",6,0.392
Arash,"1,790.6",4,0.570
Via Vallen,"1,787.5",3,0.084
Hailee Steinfeld,"1,782.2",6,0.261
Three Days Grace,"1,780.4",4,0.423
Soulja Boy Tell'em,"1,780.1",2,0.196
PNL,"1,775.6",6,0.338
Alok,"1,773.2",2,0.639
Maria Becerra,"1,766.2",6,2.345
The Game,"1,764.7",5,0.380
Abraham Mateo,"1,760.9",3,0.408
Bryson Tiller,"1,760.7",4,0.457
Blake Shelton,"1,760.6",3,0.332
AronChupa,"1,758.0",3,0.228
Eros Ramazzotti,"1,757.6",4,0.632
James Blunt,"1,757.1",2,0.429
Naughty Boy,"1,751.2",2,0.214
Marcos & Belutti,"1,745.3",4,0.265
SHINee,"1,735.6",2,0.270
R.E.M.,"1,734.9",2,0.571
2 Chainz,"1,728.7",5,0.278
Vremya i Steklo,"1,721.8",5,0.138
Lata Mangeshkar,"1,720.7",6,0.449
İrem Derici,"1,717.3",3,0.319
Scorpions,"1,715.3",2,0.444
Raymix,"1,712.5",3,0.379
ONE OK ROCK,"1,711.7",3,0.380
Zouhair Bahaoui,"1,705.7",3,0.489
Raí Saia Rodada,"1,702.9",4,0.485
Rick Astley,"1,697.5",2,0.504
My Chemical Romance,"1,689.8",7,0.511
Rick Ross,"1,687.2",3,0.342
B.o.B,"1,687.1",2,0.300
Korn,"1,686.0",3,0.492
Lil Skies,"1,683.5",4,0.184
El Komander,"1,679.2",3,0.260
Naps,"1,671.7",5,0.472
Nella Kharisma,"1,671.3",5,0.135
Shaggy,"1,663.3",6,0.425
Noriel,"1,661.3",3,0.404
Bruce Springsteen,"1,653.9",3,0.626
"Earth, Wind & Fire","1,649.2",3,0.563
Foster The People,"1,645.9",3,0.373
3 Doors Down,"1,641.7",3,0.398
Boney M.,"1,637.7",3,1.038
Getsunova,"1,633.9",5,0.181
Mary J. Blige,"1,630.1",4,0.658
Joyner Lucas,"1,620.7",1,0.360
2CELLOS,"1,619.4",1,0.333
Destiny's Child,"1,617.9",7,0.433
Last Child,"1,615.9",4,0.714
Lauv,"1,610.5",4,0.368
Robbie Williams,"1,605.3",4,0.277
Jonas Brothers,"1,597.6",3,0.199
Lauana Prado,"1,595.8",3,0.613
Toni Braxton,"1,595.0",3,0.577
Sofia Reyes,"1,590.3",3,0.514
Wham!,"1,580.5",2,0.311
Jeremih,"1,580.0",6,0.294
J Alvarez,"1,579.4",2,0.393
Ella Mai,"1,579.3",4,0.441
Burna Boy,"1,578.5",3,1.589
Marilyn Manson,"1,576.3",3,0.356
Audioslave,"1,576.1",3,0.488
Afrojack,"1,572.9",3,0.102
Lê Bảo Bình,"1,572.0",4,0.383
Manuel Medrano,"1,566.9",3,0.397
The Notorious B.I.G.,"1,560.1",4,0.793
Israel Kamakawiwo'ole,"1,558.2",2,0.301
T-Pain,"1,552.8",5,0.431
The Police,"1,549.7",3,0.571
JD Pantoja,"1,548.7",4,0.316
MC WM,"1,542.2",5,0.092
Fun.,"1,542.2",3,0.284
Demet Akalın,"1,541.5",2,0.173
Wolfine,"1,534.0",2,0.271
Israel & Rodolffo,"1,527.8",1,1.652
Andy Rivera,"1,527.0",3,0.583
MHD,"1,525.0",5,0.245
Mỹ Tâm,"1,521.7",2,0.274
Die Antwoord,"1,519.3",5,0.206
Reynmen,"1,516.0",3,0.250
Elvis Presley,"1,513.6",1,0.782
Kehlani,"1,512.9",2,0.325
Santana,"1,490.9",3,0.570
Ty Dolla $ign,"1,487.9",1,0.231
No Doubt,"1,486.7",2,0.394
Renuka Panwar,"1,483.5",1,0.313
4 Non Blondes,"1,479.9",1,0.563
Alexandra Stan,"1,476.0",5,0.236
Kany García,"1,474.9",4,0.918
Kid Rock,"1,467.8",2,0.455
Carrie Underwood,"1,460.8",1,0.234
Toto,"1,456.7",3,0.649
Mannat Noor,"1,452.8",1,0.221
Rombai,"1,443.9",4,0.197
Tom Odell,"1,443.3",2,1.086
Fernandinho,"1,437.4",2,0.821
4Minute,"1,428.6",4,0.126
Abel Pintos,"1,428.1",1,0.354
SISTAR,"1,425.7",4,0.162
Buray,"1,423.8",7,0.354
Thiaguinho,"1,423.4",2,0.618
R3HAB,"1,422.5",2,0.222
Grupo Revelação,"1,420.6",2,0.538
Mano Walter,"1,420.1",3,0.142
Europe,"1,417.6",2,0.371
Yo Gotti,"1,414.7",4,0.237
Bé Bảo An,"1,411.3",4,0.384
Tainy,"1,410.0",3,0.400
Alessia Cara,"1,409.4",4,0.207
Troye Sivan,"1,409.0",2,0.201
Jenni Rivera,"1,408.3",2,0.023
Willy William,"1,406.9",2,0.315
Kids United,"1,406.8",3,0.314
Carla's Dreams,"1,400.8",,0.361
Dwayne Johnson,"1,400.6",1,1.170
L.กฮ.,"1,397.4",5,0.450
C. Tangana,"1,396.9",3,0.364
Sunidhi Chauhan,"1,394.4",3,0.216
Ñengo Flow,"1,388.8",4,0.825
Radwimps,"1,386.7",3,0.483
Damas Gratis,"1,384.5",4,0.756
G.E.M.,"1,381.6",4,0.234
Milky Chance,"1,380.1",3,0.412
The Kid LAROI,"1,379.9",2,0.775
Banda Carnaval,"1,379.8",1,0.248
Hande Yener,"1,378.6",3,0.184
Aqua,"1,377.2",1,0.536
Kong Huayrai,"1,375.9",4,0.432
Sherine,"1,375.5",5,0.580
Hadise,"1,374.1",5,0.232
Owl City,"1,373.3",2,0.223
MC G15,"1,372.3",5,0.080
Kings Of Leon,"1,367.3",2,0.302
J-Ax,"1,365.4",2,0.118
Pang Nakarin,"1,365.0",4,0.168
Akcent (Romania),"1,362.6",1,0.220
Rudimental,"1,361.9",3,0.180
OutKast,"1,361.4",3,0.383
Gigi D'Agostino,"1,360.5",3,0.381
Melim,"1,359.1",2,0.399
Preto no Branco,"1,355.4",2,0.329
Marwa Loud,"1,353.6",5,0.470
Ryan Castro,"1,352.7",5,1.403
Fernando & Sorocaba,"1,342.2",1,0.137
Flume,"1,338.9",3,0.229
Bonnie Tyler,"1,336.0",3,0.469
Natiruts,"1,331.5",3,0.551
Auli'i Cravalho,"1,329.3",2,0.619
MC Lan,"1,328.9",2,0.050
Alejandra Guzmán,"1,328.4",3,0.229
Ylvis,"1,325.5",1,0.145
Armaan Malik,"1,322.7",3,0.354
YFN Lucci,"1,320.2",2,0.312
Sexion D'Assaut,"1,317.4",2,0.158
Rvssian,"1,315.2",3,0.291
Pedro Sampaio,"1,310.9",4,0.575
Sila,"1,304.6",2,0.249
Taio Cruz,"1,300.9",5,0.159
The Lumineers,"1,299.5",4,0.304
Vitor Fernandes,"1,299.4",3,0.528
Gülşen,"1,296.5",4,0.255
Baby Rasta y Gringo,"1,295.6",1,0.287
Mahahing,"1,294.7",4,0.132
Gwen Stefani,"1,293.3",4,0.247
Alexis y Fido,"1,291.7",3,0.505
Billy Joel,"1,287.1",3,0.437
Emrah Karaduman,"1,286.5",3,0.146
Duke Dumont,"1,286.3",2,0.285
L-Gante,"1,281.3",1,0.581
John Newman,"1,278.3",1,0.271
Dennis,"1,277.6",2,0.152
Phil Collins,"1,277.6",2,0.368
Jhené Aiko,"1,274.9",2,0.414
El Bebeto,"1,271.4",2,0.189
Lenny Kravitz,"1,271.4",3,0.382
IZA,"1,270.3",5,0.396
Era Istrefi,"1,269.5",1,0.542
Nego do Borel,"1,269.0",3,0.065
Young M.A,"1,267.7",2,0.168
León Larregui,"1,264.3",4,0.345
SZA,"1,264.0",4,4.931
Yelawolf,"1,262.1",2,0.412
Mike WiLL Made-It,"1,261.9",1,0.118
Thomas Rhett,"1,261.4",2,0.174
Tiago PZK,"1,261.2",3,0.974
Sting,"1,260.2",3,0.554
The Neighbourhood,"1,255.2",1,0.545
Jads & Jadson,"1,252.2",1,0.230
Kim Loaiza,"1,252.1",4,1.250
Sharry Mann,"1,251.1",3,0.311
João Gomes,"1,247.2",4,1.729
Thirty Seconds to Mars,"1,247.2",3,0.176
Ayo & Teo,"1,247.0",2,0.090
WINNER,"1,244.0",1,0.119
NerdOut,"1,243.1",1,0.207
OG-ANIC,"1,241.3",4,0.191
Keyshia Cole,"1,241.1",5,0.319
Reykon,"1,236.0",2,0.160
Train,"1,233.3",4,0.205
Bruno e Barretto,"1,229.5",2,0.256
Carlos Baute,"1,229.3",1,0.239
Shaan,"1,229.3",2,0.879
Andrés Cepeda,"1,227.4",3,0.273
Florence + The Machine,"1,226.4",2,0.184
Limp Bizkit,"1,222.2",5,0.380
Severina,"1,222.2",1,0.214
Leona Lewis,"1,221.1",4,0.273
Diljit Dosanjh,"1,219.1",3,0.379
Márcia Fellipe,"1,215.6",2,0.156
Omarion,"1,215.5",1,0.155
Bastille,"1,215.3",1,0.195
Brett Young,"1,215.3",2,0.382
Simple Plan,"1,213.8",4,0.237
Robin Thicke,"1,209.3",1,0.170
Austin Mahone,"1,207.8",2,0.091
Zé Ramalho,"1,204.7",3,0.349
Nipsey Hussle,"1,199.5",2,0.300
Jowell & Randy,"1,198.4",1,0.284
Liam Payne,"1,192.8",3,0.126
Amenazzy,"1,191.0",1,0.526
2Pac,"1,183.2",3,0.382
Mabel Matiz,"1,182.8",2,0.431
Bushido,"1,182.7",,0.129
Nick Jonas,"1,182.0",2,0.134
Dynoro,"1,180.3",1,0.138
Victor & Leo,"1,178.9",2,0.373
Mora,"1,177.6",2,2.480
Shinedown,"1,175.5",1,0.346
Baby K,"1,175.4",3,0.158
George Ezra,"1,175.2",4,0.251
Dire Straits,"1,175.0",5,0.469
Zak Chumpae,"1,174.7",3,0.041
Dhurata Dora,"1,174.0",1,0.231
Vicentico,"1,167.9",3,0.415
Sohail Sen,"1,167.0",2,0.309
Basshunter,"1,166.8",2,0.134
Otilia,"1,164.4",1,0.121
Mr. Children,"1,164.3",,0.553
Nightwish,"1,159.6",2,0.365
Jax Jones,"1,156.1",4,0.131
Benny Blanco,"1,153.8",2,0.259
Residente,"1,153.1",3,0.217
Ministério Zoe,"1,150.1",1,0.324
Sabrina Carpenter,"1,148.8",1,0.415
Disclosure,"1,145.3",3,0.167
Tomorrow X Together,"1,145.3",4,0.419
N Sync,"1,144.5",3,0.375
Felipe Peláez,"1,141.4",2,0.231
Miguel Bosé,"1,137.2",2,0.344
Sade,"1,134.8",3,0.459
Bonez MC,"1,128.1",3,0.280
Yellow Claw,"1,127.7",3,0.173
James Bay,"1,125.5",2,0.182
Alec Benjamin,"1,125.4",1,0.585
Lexa,"1,122.5",3,0.142
Banda Tierra Sagrada,"1,122.1",2,0.221
Club Dogo,"1,121.9",,0.242
Lady Antebellum,"1,121.7",2,0.261
Kid Cudi,"1,120.8",3,0.232
The Vamps,"1,117.1",2,0.121
August Alsina,"1,116.5",2,0.181
Momoland,"1,113.2",2,0.174
Survivor,"1,111.9",2,0.389
Amit Kumar,"1,111.8",2,0.244
The Verve,"1,107.1",1,0.333
Léo Magalhães,"1,101.8",1,0.345
MIKA,"1,100.9",2,0.170
Charli XCX,"1,100.9",3,0.142
Yella Beezy,"1,097.7",2,0.215
DVBBS,"1,094.1",1,0.067
Sam Hunt,"1,091.5",3,0.122
Aitana,"1,085.0",4,0.632
Ludacris,"1,084.2",1,0.191
Edward Maya,"1,083.3",2,0.277
Simge,"1,082.3",4,0.271
Birdy,"1,079.3",4,0.202
Labrinth,"1,077.9",3,0.402
The 1975,"1,077.9",,0.404
Mero,"1,077.6",2,0.321
Bhad Bhabie,"1,077.3",2,0.095
Alkilados,"1,077.3",4,0.180
The Rolling Stones,"1,076.6",,0.281
R. City,"1,076.4",1,0.145
Ben Fero,"1,073.7",3,0.228
Bazzi,"1,073.7",4,0.192
Gloria Groove,"1,072.8",2,0.534
Weird Al Yankovic,"1,070.8",2,0.230
Lizzo,"1,069.3",4,0.361
Keane,"1,068.7",2,0.554
Dan + Shay,"1,068.3",3,0.191
Boy Panomprai,"1,068.0",3,0.176
Anavitória,"1,067.6",3,0.243
Dillon Francis,"1,066.4",2,0.121
Bích Phương,"1,062.8",2,0.449
Hoobastank,"1,059.8",1,0.309
Wale,"1,058.1",3,0.223
Gym Class Heroes,"1,056.7",2,0.399
Sido,"1,056.5",,0.281
Alesso,"1,055.4",2,0.166
Mumford & Sons,"1,054.6",1,0.138
Sigala,"1,049.6",3,0.169
Lauren Daigle,"1,048.1",2,0.315
Kylie Minogue,"1,047.0",1,0.408
DJ Hamida,"1,046.4",1,0.155
Miguel,"1,046.4",4,0.420
Bigflo & Oli,"1,046.0",1,0.195
Spice Girls,"1,045.9",1,0.212
DMX,"1,045.4",3,0.306
Aleyna Tilki,"1,045.0",3,0.090
Mike Bahía,"1,042.0",4,0.465
Bobby Shmurda,"1,041.9",1,0.163
Aurora,"1,040.4",1,0.897
Cher Lloyd,"1,036.1",5,0.041
Blueface,"1,034.5",2,0.244
Dev Negi,"1,033.9",2,0.228
Pipe Bueno,"1,032.8",4,0.403
Siti Badriah,"1,031.4",1,0.091
Marama,"1,029.5",2,0.164
Param Singh,"1,029.0",1,0.250
Tiziano Ferro,"1,028.4",,0.198
Jannine Weigel,"1,028.4",1,0.055
Oliver Tree,"1,028.0",1,2.196
Kaaris,"1,027.6",2,0.104
Eurythmics,"1,027.1",1,0.475
Rocco Hunt,"1,026.4",3,0.504
Rich The Kid,"1,023.8",2,0.107
Glass Animals,"1,023.7",2,0.791
Bryant Oden,"1,022.9",2,0.142
Enzo Rabelo,"1,022.5",3,0.149
John Mayer,"1,019.9",2,0.254
Lost Frequencies,"1,018.6",3,0.151
Potato,"1,017.1",1,0.142
The Strokes,"1,016.5",3,0.292
ScHoolboy Q,"1,016.4",2,0.118
Jasmine Sandlas,"1,014.4",2,0.198
Ghali,"1,014.4",2,0.133
Darell,"1,014.3",2,0.368
Min,"1,013.5",5,0.168
Leslie Grace,"1,008.6",3,0.127
Alonzo,"1,003.3",2,0.095
Léo Santana,"1,002.1",1,0.379
Phan Mạnh Quỳnh,998.9,2,0.096
Bomba Estéreo,997.6,3,0.178
The Offspring,995.1,1,0.498
Ultimo,994.7,,0.331
Humberto e Ronaldo,993.4,1,0.347
Leandro Borges,993.0,1,0.435
João Neto e Frederico,991.7,2,0.063
Vegedream,991.3,1,0.507
Alex Campos,991.2,1,0.484
Sasa Kovacevic,985.3,,0.119
Fedez,984.9,2,0.232
Trúc Nhân,981.4,3,0.949
IZ*ONE,979.6,2,0.239
Café Tacvba,977.5,1,0.230
DNCE,975.7,3,0.158
Jack Harlow,969.9,2,0.417
Gen Hoshino,968.0,1,0.166
Papa Roach,966.3,2,0.220
Miranda Lambert,962.7,1,0.215
Olly Murs,962.0,3,0.129
Juan Luis Guerra,960.0,1,0.437
Wonder Girls,958.4,2,0.172
K Camp,957.9,2,0.197
Dido,957.2,2,0.422
Led Zeppelin,954.2,3,0.437
Jay-Z,953.0,1,0.565
Alex Sensation,952.2,2,0.176
Henrique & Diego,946.9,2,0.062
Sonu Nigam,945.7,2,0.479
Soobin Hoàng Sơn,942.7,1,0.223
Of Monsters and Men,940.8,1,0.154
João Bosco e Vinícius,940.2,2,0.234
Yash Narvekar,938.1,2,0.272
Creed,934.9,3,0.277
Vengaboys,934.8,3,0.341
Pooh Shiesty,933.1,2,0.433
Tony Kakkar,929.5,2,0.136
25hours,929.3,1,0.149
Monsta X,927.8,1,5.269
Abu,925.7,1,0.232
Boyz II Men,925.5,4,0.276
Axel,922.9,2,0.110
GFriend,922.0,,0.110
Ivete Sangalo,921.2,,0.195
Years & Years,917.5,2,0.132
Rachel Platten,915.2,2,0.143
RKM & Ken-Y,913.8,2,0.166
The Wanted,912.4,2,0.079
Pikotaro,910.4,3,0.151
John Lennon,908.0,4,0.231
Bump of Chicken,907.3,1,0.254
Savage Garden,902.7,3,0.325
Brad Paisley,902.7,2,0.151
MC Doni,902.6,3,0.150
Apink,902.5,,0.093
Julieta Venegas,902.4,2,0.389
Rich Gang,902.1,2,0.214
Tinie Tempah,900.1,2,0.106
RASA,900.1,2,0.627
Tame Impala,894.8,3,0.367
Why Don't We,892.3,1,0.188
Busta Rhymes,889.3,1,0.248
Capital Cities,889.2,2,0.257
Mahmut Orhan,888.9,3,0.194
Ana Carolina,885.6,2,0.251
KSI,885.5,1,0.066
AnnenMayKantereit,883.8,,0.358
Kenny Chesney,883.5,,0.147
Keen'V,883.3,1,0.223
Juicy J,882.6,1,0.114
Fat Joe,880.9,2,0.231
Steve Aoki,880.9,1,0.060
Seether,877.7,1,0.250
Fly Project,876.9,1,0.168
Michael Bolton,873.2,3,0.292
AOA,873.1,,0.086
Leo Rojas,873.0,2,0.218
Big Ass,872.5,2,0.181
Jamiroquai,869.0,1,0.221
TLC,866.9,3,0.222
Jess Glynne,862.4,4,0.151
Kiesza,862.1,2,0.136
King,860.7,2,4.931
Jassi Gill,860.7,1,0.116
Hamza Namira,858.8,2,0.356
Delia,858.1,,0.113
Tuğçe Kandemir,858.0,3,0.213
KC Rebell,854.8,,0.073
Ja Rule,852.0,3,0.283
Culture Club,849.8,2,0.246
Jay Sean,849.5,2,0.226
Vasco Rossi,846.2,,0.145
Marco Mengoni,845.9,2,0.176
Lilly Wood & The Prick,839.1,1,0.171
Daughtry,837.7,2,0.264
CKay,836.7,2,0.787
Mr Probz,835.2,1,0.177
gnash,834.7,1,0.200
deadmau5,834.2,,0.090
Vance Joy,833.7,1,0.187
Altamash Faridi,831.9,1,0.201
Midian Lima,827.2,2,0.244
Tinashe,825.6,1,0.114
Thaeme & Thiago,824.6,,0.054
Big Time Rush,824.4,1,0.083
NAV,823.8,,0.140
The Prodigy,823.6,1,0.199
ChocQuibTown,821.9,1,0.097
Maite Perroni,821.2,3,0.145
Lil Xan,821.2,2,0.091
X Ambassadors,820.8,2,0.189
Sum 41,820.7,2,0.169
365 DaBand,819.0,1,0.098
Tony Dize,818.6,2,0.249
BNK48,817.6,2,0.093
PnB Rock,817.0,,0.130
O.T. Genasis,816.7,2,0.076
KYLE,815.0,2,0.088
Far East Movement,814.9,2,0.098
J Soul Brothers,813.1,1,0.048
Hebe Tien,811.7,1,0.043
The Cure,811.6,1,0.264
EXID,809.5,1,0.077
Oras Sattar,807.9,1,0.122
Faydee,806.3,1,0.148
Burak Yeter,805.3,1,0.186
Sekai no Owari,802.9,1,0.153
Kodaline,800.7,2,0.237
T-ara,799.1,,0.147
La Quinta Estación,797.9,1,0.240
Mario,797.1,2,0.277
Loredana Zefi,795.7,,0.091
Sophia Grace,794.8,1,0.027
Il Volo,794.5,1,0.171
Polina Gagarina,794.0,1,0.243
T_T,792.7,2,0.047
Deorro,790.0,2,0.101
Redfoo,789.7,2,0.144
Eric Clapton,789.3,2,0.266
SanLuis,787.5,2,0.192
Atitude 67,786.3,1,0.146
Rusherking,786.1,2,1.141
SCH,785.3,1,0.108
Måneskin,785.0,2,0.585
The White Stripes,784.4,1,0.300
Weezer,782.4,1,0.181
Pia Mia,782.2,1,0.105
Queen Naija,780.5,2,0.265
Niall Horan,777.3,1,0.106
Kalash,777.2,1,0.143
Douzi,775.7,,0.168
Kool & The Gang,775.2,4,0.229
Breaking Benjamin,774.7,1,0.196
M83,774.0,2,0.217
Stormzy,772.5,2,0.221
JustaTee,770.9,3,0.314
Nicky Romero,770.1,1,0.034
Spitz,765.6,1,0.190
AAA,764.6,2,0.067
GTK,763.7,2,0.104
Takagi & Ketra,763.5,3,0.084
MC Hammer,763.1,1,0.182
Pepe Quintana,759.0,3,0.146
Cascada,758.7,1,0.097
Kungs,758.3,1,0.231
Osmani Garcia,758.1,1,0.082
Pet Shop Boys,757.5,2,0.302
Bullet For My Valentine,756.5,1,0.164
Rich Homie Quan,755.2,2,0.130
Central Cee,752.3,1,1.568
Marcela Gándara,749.7,2,0.234
Alessandra Amoroso,749.1,1,0.157
Bob Sinclar,746.9,2,0.250
Irama,746.0,2,0.334
Keri Hilson,743.5,2,0.165
Çağatay Akman,742.7,2,0.049
Sofia Carson,742.0,3,0.241
O Rappa,741.2,1,0.189
Paulina Rubio,740.3,1,0.143
Tiago Iorc,739.7,2,0.142
La Factoría,738.1,1,0.218
PARTYNEXTDOOR,737.6,2,0.281
Ozan Doğulu,736.4,2,0.081
Pawni Pandey,734.1,1,0.198
Murat Boz,727.9,2,0.130
John Denver,727.1,1,0.183
Leonard Cohen,726.7,2,0.225
Utada Hikaru,723.9,,0.402
Heart,723.2,2,0.325
Thiago Brava,721.0,1,0.031
Within Temptation,719.9,1,0.201
A Great Big World,719.5,1,0.127
KAZKA,716.6,1,0.147
JayDaYoungan,716.3,1,0.290
Silva Gunbardhi,714.3,1,0.131
City Girls,712.3,1,0.187
Oriente,706.5,2,0.137
Andy & Lucas,703.8,2,0.230
Bloodhound Gang,700.2,1,0.097
Louis Tomlinson,699.4,1,0.070
Ece Seçkin,698.8,3,0.063
Prince,696.7,,0.350
Duran Duran,696.4,1,0.372
Jovanotti,696.1,,0.106
La Fouine,695.9,,0.123
Jordin Sparks,695.0,1,0.208
Extreme,693.3,1,0.217
Gabriel Diniz,692.7,2,0.089
Pearl Jam,691.8,2,0.179
The Fray,691.1,2,0.100
Snow Patrol,690.5,1,0.117
Modà,690.3,,0.141
Haikaiss,689.8,1,0.072
Nico & Vinz,688.8,1,0.162
Paty Cantú,687.7,,0.087
Travie McCoy,686.4,1,0.118
OrelSan,685.5,1,0.161
Marina and the Diamonds,684.7,1,0.119
Goo Goo Dolls,683.9,1,0.305
MC Rodolfinho,681.3,2,0.057
Rise Against,680.5,2,0.102
LOONA,680.1,,0.109
Lily Allen,679.1,2,0.086
Kyary Pamyu Pamyu,678.2,1,0.066
UB40,677.4,1,0.194
India Martínez,675.1,2,0.333
Nicole Scherzinger,674.4,1,0.059
Lilly Goodman,673.9,1,0.216
Staind,673.6,2,0.199
Blue,672.6,3,0.376
Little Big Town,672.1,2,0.153
t.A.T.u.,669.8,2,0.225
The Chipettes,668.6,1,0.038
Trio Parada Dura,667.3,2,0.298
Julia Michaels,666.9,1,0.076
Bảo Anh,665.7,1,0.079
IAmChino,665.0,1,0.067
Helene Fischer,664.4,,0.196
Rema,664.1,1,1.815
DJ Antoine,662.3,1,0.061
The Fugees,661.4,2,0.505
M.I.A.,661.2,2,0.144
Biel,658.7,1,0.021
Monica,658.6,2,0.206
Burak King,658.3,2,0.105
Mustard,658.0,2,0.131
Dawin,657.6,2,0.057
Lali,657.3,1,0.147
Perfume,656.3,,0.078
Isaias Saad,655.4,1,0.648
Sak Noel,654.9,1,0.104
Yemi Alade,654.5,1,0.134
K.A.R.D,654.2,,0.108
Ace of Base,653.6,3,0.282
Maxim Fadeev,653.2,2,0.161
Daoko,652.6,1,0.144
Adam Lambert,650.7,2,0.193
Ace Hood,650.0,1,0.079
KeBlack,648.6,2,0.065
Cleber e Cauan,648.3,1,0.110
Norm Ender,648.0,1,0.124
Feduk,645.3,2,0.111
Sophana,645.0,3,0.160
Reyli Barba,644.3,1,0.140
Anna Kendrick,642.8,1,0.037
Cro,640.4,,0.049
Madcon,640.0,3,0.108
Martin Solveig,639.8,2,0.041
Saif Nabeel,636.5,2,0.159
SDP,635.2,,0.141
Kevvo,632.8,1,0.170
Felix Jaehn,632.1,1,0.165
Block B,630.2,,0.054
Shiina Ringo,629.7,,0.172
BABYMETAL,628.6,1,0.137
Armada,626.6,2,0.158
Magic System,626.5,1,0.195
Dierks Bentley,624.3,1,0.102
The Black Keys,622.4,1,0.124
Sarah Farias,621.5,2,0.238
MGMT,621.3,3,0.172
Fabio Rovazzi,621.2,3,0.035
Smash Mouth,617.4,1,0.168
Sakanaction,615.2,1,0.119
Mark Forster,614.5,1,0.075
Summer Cem,614.4,1,0.069
Iyaz,613.3,2,0.199
Livres,612.2,1,0.181
Bella Poarch,611.9,2,0.400
Fabri Fibra,611.5,,0.138
Dean Lewis,611.0,2,0.446
Alanis Morissette,610.7,1,0.175
AWOLNATION,610.2,1,0.113
Tayrone,608.7,1,0.603
Amit Mishra,608.6,2,0.061
Bizzey,607.4,1,0.091
Masked Wolf,604.9,2,0.207
RIDSA,604.9,1,0.141
Vũ Duy Khánh,603.6,1,0.035
Lola Indigo,601.7,1,0.530
Stefflon Don,601.4,2,0.101
2PM,599.8,,0.070
Beast,599.5,1,0.066
R.I.O.,599.3,1,0.029
Pentagon,599.2,1,0.072
Noah Cyrus,597.4,2,0.084
Gradur,597.1,2,0.048
Millind Gaba,596.7,1,0.132
Sylwia Grzeszczak,596.5,1,0.111
ZAZ,596.3,,0.171
BlocBoy JB,595.7,1,0.067
Max Jenmana,595.1,2,0.071
Kat DeLuna,594.6,2,0.085
Louane,591.8,,0.106
Vázquez Sounds,589.9,1,0.044
Alexio La Bestia,587.5,2,0.243
Sumit Goswami,586.9,1,0.082
Blondie,586.7,1,0.310
Loubet,584.8,,0.117
BOL4,583.9,1,0.153
ZHU,583.8,2,0.181
Lil Jon,583.6,2,0.144
Netta,583.5,2,0.220
The Smashing Pumpkins,583.1,1,0.180
Charlie Brown Jr.,580.1,1,0.204
Nekfeu,579.3,1,0.071
Rascal Flatts,575.7,1,0.103
miss A,574.8,1,0.064
Khaled,574.5,1,0.268
Matchbox Twenty,573.9,1,0.177
DeJ Loaf,572.9,2,0.134
Cheat Codes,571.4,2,0.074
E-Girls,568.2,,0.034
Luther Vandross,565.0,2,0.212
Ligabue,564.9,,0.073
Girl's Day,563.4,,0.060
Enya,561.3,1,0.216
Zay & Zayion,559.6,1,0.029
Mithoon,559.1,1,0.210
MC Brinquedo,558.4,1,0.045
Emis Killa,558.0,,0.085
The Calling,557.4,1,0.131
Bone Thugs-N-Harmony,557.2,2,0.126
Hoàng Thuỳ Linh,556.9,1,0.582
Ahmed Chawki,556.1,2,0.067
Kelly Rowland,554.3,1,0.105
D.R.A.M.,553.2,1,0.047
Portugal. The Man,553.0,1,0.093
Scooter,551.8,,0.088
WALK THE MOON,551.5,1,0.079
Empire Of The Sun,551.2,3,0.183
George Strait,550.9,1,0.231
Ashanti,550.3,1,0.168
Aminé,548.3,1,0.060
Bow Wow,547.4,2,0.111
Rochak Kohli,546.4,1,0.013
Sara Bareilles,545.3,2,0.084
Y2K,545.2,1,0.107
f(x),544.9,1,0.042
The All-American Rejects,544.7,2,0.093
Kay One,544.6,2,0.036
Lary Over,543.4,1,0.048
K'Naan,541.5,1,0.315
Sevyn Streeter,537.9,1,0.114
Malú,537.6,,0.060
Bridgit Mendler,536.7,2,0.037
back number,536.6,1,0.013
Bob Dylan,535.3,,0.198
Eiffel 65,534.7,2,0.087
Colbie Caillat,533.3,1,0.074
Erol Evgin,532.3,1,0.078
Wanna One,531.2,1,0.043
GReeeeN,531.1,,0.096
Heuss L'Enfoiré,531.0,2,0.197
Chi Dân,528.3,1,0.028
Pollo,527.7,2,0.089
Marracash,526.7,,0.277
Pusho,526.6,1,0.033
Richard Marx,526.0,1,0.214
R-chord,524.5,,0.066
Playboi Carti,524.0,1,0.110
Derya Uluğ,521.9,2,0.101
Sławomir,521.9,1,0.036
UM44K,519.6,2,0.058
Coez,519.0,1,0.126
Ailee,518.8,1,0.086
Kemilly Santos,517.0,1,0.116
Sinéad O'Connor,516.3,2,0.249
Queens of the Stone Age,515.5,1,0.096
Beastie Boys,515.5,1,0.114
Jacob Forever,515.3,2,0.149
Judas Priest,514.3,,0.189
Playa Limbo,514.1,1,0.089
Johnny Cash,513.9,2,0.282
Jimi Hendrix,513.6,1,0.130
Soundgarden,512.6,1,0.139
Annalisa,511.6,,0.255
Simon & Garfunkel,510.0,1,0.170
Meat Loaf,508.1,1,0.193
Paloma Mami,508.0,2,0.164
Jefferson Moraes,506.9,1,0.061
Aun Feeble Heart,505.5,1,0.029
Emma Marrone,503.2,,0.077
Bonde da Stronda,502.7,1,0.060
Starship,499.3,2,0.326
K. Michelle,499.0,,0.062
Munhoz & Mariano,498.6,1,0.034
Lilit Hovhannisyan,498.0,1,0.120
Cole Swindell,496.6,1,0.190
The xx,496.0,,0.061
Zendaya,495.1,1,0.054
Hayley Kiyoko,495.0,1,0.070
Fleetwood Mac,494.9,,0.355
Elisa,492.4,,0.097
Zaho,492.1,1,0.197
OK Go,490.6,,0.037
Boef,490.5,,0.173
Momoiro Clover Z,489.9,,0.078
Lou Bega,489.7,1,0.160
Amir,488.8,2,0.137
Ayumi Hamasaki,487.4,,0.136
Young Money,487.0,1,0.070
Hinder,486.0,1,0.121
Theory of a Deadman,485.4,1,0.056
Rage Against The Machine,484.7,1,0.190
Colonel Reyel,484.4,1,0.039
Gülben Ergen,484.3,1,0.086
TVXQ,482.9,,0.067
Take That,482.2,,0.144
Las Ketchup,481.9,2,0.180
Andreas Gabalier,481.8,1,0.067
Gliss,481.7,2,0.017
Showtek,480.9,2,0.021
KARA,478.7,1,0.175
Diddy – Dirty Money,478.3,1,0.063
Deep Purple,476.9,2,0.175
Karmin,475.1,1,0.066
Vanilla Ice,474.2,1,0.155
Ton Carfi,473.7,2,0.235
Negramaro,472.1,,0.074
Nimo,472.0,,0.068
Mohombi,471.2,2,0.082
Retrospect,470.7,1,0.041
Luma Elpidio,470.0,2,0.118
Big Shaq,469.9,1,0.038
Bappi Lahiri,469.9,1,0.084
BTOB,468.2,,0.080
Sachet Tandon,466.2,1,0.119
Kell Smith,463.3,1,0.101
Eva,462.5,1,0.067
Cheryl,459.3,,0.026
Blackstreet,458.7,1,0.165
Fridaynight to Sunday,458.4,1,0.103
Hilary Duff,458.2,,0.034
Belanova,458.0,1,0.225
A.R. Rahman,455.7,1,0.074
Hương Tràm,455.1,2,0.058
Sam Tsui,455.1,,0.017
Akcent,451.1,1,0.028
Sigma,451.0,1,0.027
Parampara Tandon,450.9,1,0.109
Discopraise,450.6,1,0.093
MØ,449.7,1,0.036
Billy Currington,448.7,1,0.089
Grimes,448.6,,0.173
Anaïs Delva,447.9,1,0.046
Jaden Smith,447.9,1,0.038
MC Guimê,446.9,1,0.028
Vald,446.5,1,0.042
Grace,446.1,1,0.066
Alligatoah,445.7,,0.073
Chance the Rapper,445.4,1,0.051
Sugarland,442.3,1,0.072
Salmo,439.7,,0.086
Konshens,439.7,1,0.060
Ofenbach,439.2,2,0.079
Whitesnake,438.0,2,0.089
Eve,437.8,1,0.160
Simple Minds,434.8,1,0.163
Rob Zombie,433.3,1,0.133
Lalo Ebratt,431.7,1,0.061
Paloma Faith,430.3,1,0.368
Güliz Ayla,428.1,2,0.049
Francesco Gabbani,427.9,1,0.034
Yinglee Srijumpol,427.3,1,0.036
Banda Vingadora,426.1,1,0.047
Chung Ha,424.7,,0.049
December Avenue,424.0,2,0.133
Jojo Maronttinni,423.0,1,0.032
Aaliyah,422.4,,0.027
Skylar Grey,421.7,1,0.057
K-Ci & JoJo,420.4,1,0.114
Jay Rock,419.6,1,0.048
Tyrese,418.8,1,0.137
Maejor Ali,418.3,1,0.031
Anastacia,417.9,,0.131
Elettra Lamborghini,417.1,1,0.052
Onze:20,416.1,,0.043
Janet Jackson,416.0,,0.208
Rei,414.9,1,0.877
Lil' Kleine,413.2,,0.028
Veysel,412.2,,0.058
Toygar Işıklı,411.2,1,0.110
Route 94,410.2,1,0.113
Sheck Wes,409.6,1,0.098
3OH!3,409.4,1,0.034
P-HOT,408.5,1,0.047
Aastha Gill,404.9,1,0.133
Counting Crows,401.9,1,0.126
Max Pezzali,400.7,,0.115
Bella Thorne,400.4,1,0.015
Cher,400.0,1,0.399
Eypio,399.1,1,0.061
Metro Boomin,398.6,,1.004
Tokio Hotel,398.4,,0.046
Vanessa Carlton,397.9,1,0.093
Eva Simons,396.7,1,0.043
Łobuzy,396.5,2,0.113
Mario Bautista,395.8,1,0.083
Village People,395.6,1,0.069
Example,394.5,1,0.044
Thegiornalisti,394.3,1,0.073
Massive Attack,394.0,,0.077
Tom Petty,393.4,1,0.118
Sarah Connor,391.6,,0.079
Emeli Sandé,391.6,,0.041
Grebz,390.1,1,0.039
Lamyai Haithongkham,390.0,1,0.015
Infinite,388.1,,0.038
The Band Perry,387.9,1,0.053
MC Tati Zaqui,387.8,,0.019
Shivam Pathak,385.5,1,0.099
Lifehouse,384.7,1,0.059
Azealia Banks,383.3,1,0.033
VIXX,382.6,,0.030
Normani,382.0,2,0.137
Lupe Fiasco,381.8,1,0.035
Nargiz,381.2,1,0.051
Natalie Imbruglia,380.2,1,0.110
Jazmine Sullivan,378.7,,0.166
Thepparit Imsudsumran,377.4,1,0.031
Nek,373.9,1,0.097
Vitaa,373.6,1,0.067
Kavinsky,371.0,1,0.076
American Authors,369.2,1,0.047
Dosseh,367.9,,0.042
James Morrison,367.5,1,0.035
Namika,367.4,1,0.047
La Ley,367.0,1,0.084
Gesu no Kiwami Otome,366.1,,0.030
Kelsea Ballerini,365.9,,0.090
Tom and Angela,365.1,1,0.006
K.Will,364.5,1,0.093
Giorgia,363.7,,0.046
Woodkid,363.1,1,0.081
Beck,361.9,1,0.079
Bomfunk MC's,361.5,1,0.120
Enigma,360.2,1,0.110
Gnarls Barkley,358.1,2,0.236
Alice Cooper,358.0,1,0.081
Guru Josh,357.7,1,0.101
Matt Hunter,357.7,1,0.019
Alice Merton,357.1,1,0.080
Cassie,356.8,1,0.105
Seeed,356.5,,0.055
Bad Meets Evil,353.9,2,0.064
Marc Seguí,353.6,1,0.288
Rebecca Black,353.6,1,0.023
Ruth B,353.5,1,0.112
London Grammar,352.9,,0.093
Priyanka Chopra,351.9,1,0.054
RUN-DMC,350.9,1,0.089
Arizona Zervas,350.8,1,0.097
Warren G,350.7,1,0.104
Mika Singh,350.3,1,0.076
Margaret,349.8,,0.036
Twister El Rey,347.7,1,0.045
Technotronic,347.1,1,0.121
Kate Bush,346.2,1,0.261
Gianluca Vacchi,345.6,1,0.028
Hurts,343.4,,0.052
Amy Macdonald,340.6,1,0.122
Farid Bang,340.5,,0.036
Claudio Capéo,339.4,1,0.073
Sage The Gemini,339.0,2,0.022
Icona Pop,336.9,1,0.049
Apocalyptica,335.4,,0.116
Ketsumeishi,335.0,2,0.064
MC João,331.9,1,0.027
Superfly,329.9,1,0.073
Lena,329.0,,0.028
Tacabro,326.7,2,0.049
Yohani,326.4,1,0.066
Sukima Switch,325.8,1,0.059
Natasha Bedingfield,323.2,1,0.057
Janelle Monáe,320.7,,0.042
Wagakki Band,319.8,1,0.044
Feder,318.0,2,0.064
CLC,317.5,,0.033
Klingande,316.4,1,0.025
Ryan Higa,314.0,,0.009
Adel Tawil,312.8,,0.043
Echosmith,312.5,1,0.050
Misia,311.8,,0.081
Alien Ant Farm,311.5,1,0.111
Wyclef Jean,310.9,2,0.091
Cee Lo Green,310.2,1,0.026
Ronnie Flex,307.2,,0.018
Evaluna Montaner,306.5,2,0.031
Paolo Nutini,306.1,,0.062
Robyn,306.0,,0.039
Claudia Leitte,305.4,,0.032
Elle King,304.5,1,0.100
Salt-N-Pepa,304.3,2,0.076
Vanessa Hudgens,303.0,1,0.007
Lykke Li,302.5,,0.034
Ashley Tisdale,302.5,,0.012
Francesco Renga,302.1,,0.034
Jidenna,301.4,,0.030
MC Gui,301.3,,0.008
Rednex,300.6,1,0.132
Belinda,299.8,,0.063
Die Toten Hosen,297.7,,0.084
Pacheco,295.6,1,0.022
Ermal Meta,294.6,,0.036
Shontelle,293.7,1,0.041
The Veronicas,293.5,1,0.053
Israel Novaes,293.3,,0.016
The-Dream,292.2,,0.061
Olexesh,290.8,1,0.040
Manu Gavassi,289.6,,0.015
DJ Sem,288.6,1,0.020
Gianluca Grignani,287.2,1,0.341
Flower,287.1,,0.058
Bausa,286.0,1,0.038
Hooverphonic,285.6,1,0.100
Trịnh Đình Quang,285.1,1,0.021
Kelis,284.3,,0.057
Near,283.2,1,0.045
O-Zone,282.7,1,0.123
Robert Miles,282.1,1,0.105
Chyno Miranda,281.9,1,0.022
Afroman,280.8,1,0.114
Aloe Blacc,280.0,,0.032
Estelle,279.8,1,0.084
Kardinal Offishall,279.5,1,0.094
Brandon Beal,279.5,1,0.053
BoA,279.3,,0.046
Cleopatra Stratan,278.9,,0.080
Stereoact,277.7,1,0.030
Veysel Mutlu,277.4,1,0.029
Isyana Sarasvati,276.4,1,0.048
Jeff Buckley,273.4,1,0.048
Plain White T's,272.2,,0.029
Darude,270.2,1,0.061
N.E.R.D,268.5,1,0.028
Natalie La Rose,268.4,1,0.023
MCs Pikeno e Menor,268.4,1,0.004
Midnight Oil,267.3,1,0.076
Charly Black,266.2,,0.051
Daniel Powter,266.0,1,0.068
Arcade Fire,265.1,,0.048
Hunter Hayes,264.7,,0.037
Anastasija Ražnatović,264.6,,0.033
Faithless,264.1,1,0.157
Doğukan Manço,264.1,1,0.025
After School,261.1,1,0.078
Paweł Domagała,259.8,1,0.032
Marteria,258.7,,0.021
Kristína,258.3,,0.021
Anahí,256.1,,0.109
Phillip Phillips,254.8,1,0.044
NU'EST,253.4,1,0.040
Clementino,253.4,,0.024
Ayse Hatun Önal,252.0,1,0.025
David Bowie,251.9,,0.047
Cobra Starship,251.2,1,0.022
Spyair,249.3,,0.048
Ella Henderson,248.1,1,0.023
Wheatus,246.4,1,0.084
Hanson,244.0,1,0.054
Dev,243.8,,0.014
B.A.P,242.6,,0.015
Francesca Michielin,241.2,,0.029
Nick Cave & The Bad Seeds,240.2,,0.069
Hoa Vinh,239.2,1,0.119
Kiiara,237.8,1,0.036
Mylène Farmer,237.6,,0.092
Ayaka,237.2,,0.033
Tay Zonday,236.3,1,0.010
Giusy Ferreri,234.7,,0.039
Alle Farben,233.5,,0.015
I LOVE MAKONNEN,233.2,1,0.035
Marvin Gaye,233.0,1,0.085
Paul McCartney,232.4,,0.098
Max Gazzè,232.3,,0.026
Kwabs,232.0,1,0.032
Cesare Cremonini,231.4,,0.060
Ráfaga,230.4,,0.054
Yeah Yeah Yeahs,230.3,,0.080
Ghetto Phénomène,230.1,1,0.024
Willow Smith,230.0,1,0.099
MC Lon,229.3,,0.016
La Joaqui,229.1,,1.747
Martin Tungevaag,227.6,1,0.020
Glasperlenspiel,226.6,1,0.028
Daya,222.6,,0.018
HAIM,220.4,,0.028
Max Giesinger,219.7,,0.033
amazarashi,219.6,,0.050
Gestört aber GeiL,219.2,,0.020
Alex Mica,217.4,1,0.024
GloRilla,216.5,,0.856
Steps,215.4,,0.107
Juan Karlos,213.4,1,0.037
Xantos,212.7,1,0.030
David Archuleta,212.6,1,0.041
Pardison Fontaine,210.2,1,0.035
Soul Asylum,209.5,1,0.071
Crayon Pop,208.6,,0.023
Dulce María,207.3,,0.033
Loreen,207.3,1,0.027
MC Bin Laden,206.4,1,0.008
Valesca Popozuda,206.0,1,0.020
Snakehips,205.9,,0.020
Pietro Lombardi,204.1,,0.022
Duffy,203.2,,0.020
Psirico,201.1,1,0.039
Alex Clare,200.8,,0.020
The Avener,200.5,,0.036
